Title,Content,URL,Published At
"Gen Z employees are stressed, depressed, and burnt out: Study","In This Story
A new study paints a bleak picture of Gen Z workers state of mind.
MetLife (MET-0.70%
) released some early findings from its 2025 Employee Benefit Trends Study and found that less t… [+978 chars]",https://qz.com/gen-z-employees-stressed-depressed-burnt-out-anxious-1851745340,2025-01-22T20:20:00Z
Nick Nadgauda Joins MetLife As Chief Information Officer,"MetLife headquarters in New York
LightRocket via Getty Images
MetLife, Inc. announced that Nick Nadgauda has been named Executive Vice President and Chief Information Officer, effective March 10, 2… [+2809 chars]",https://www.forbes.com/sites/peterhigh/2025/01/10/nick-nadgauda-joins-metlife-as-chief-information-officer/,2025-01-10T19:19:32Z
Notre Dame AD: Irish Committed to Independent Status amid Run to CFP Title Game,"Michael Reaves/Getty Images
Notre Dame athletic director Pete Bevacqua defended the Fighting Irish's status as an independent on Friday.
""No secret, the expansion of the CFP from four to 12 teams h… [+2192 chars]",https://bleacherreport.com/articles/10150446-notre-dame-ad-irish-committed-to-independent-status-amid-run-to-cfp-title-game,2025-01-11T04:11:52Z
"NFL Playoffs 2025: Eagles vs. Rams Weather Forecast, Projected Snow Total for Matchup","Mitchell Leff/Getty Images
The Philadelphia Eagles and Los Angeles Rams could be set for a snowy divisional round matchup this weekend.
Parts of the Philadelphia area are forecast to get between th… [+2509 chars]",https://bleacherreport.com/articles/10151266-nfl-playoffs-2025-eagles-vs-rams-weather-forecast-projected-snow-total-for-matchup,2025-01-17T21:36:53Z
"Gen-Zs Are Stressed, Burned Out And Face Mental Health Issues","Gen Zers are experiencing unprecedented levels of stress and anxiety.
getty
Projected to comprise nearly 30% of the labor force in 2025, Gen Z is filling the void left by retiring Baby Boomers. Thi… [+4643 chars]",https://www.forbes.com/sites/jackkelly/2025/01/07/gen-zs-are-stressed-burned-out-and-face-mental-health-issues/,2025-01-07T16:30:47Z
"FC Barcelona Agrees To Let Player Change Club, Reports MARCA","FC Barcelona has given the green light to one of its players changing clubs mid-season according to ... [+] MARCA, which cited anonymous sources.
UEFA via Getty Images
FC Barcelona has given the gr… [+2008 chars]",https://www.forbes.com/sites/tomsanderson/2025/01/16/fc-barcelona-agrees-to-let-player-change-club-reports-marca/,2025-01-16T13:43:50Z
Jets accidentally bring team banner out upside down in pregame display,"The New York Jets' 2024 season came to a merciful end on Sunday at MetLife Stadium, as the team managed to preserve its dignity with a 32-20 victory over the AFC East rival Miami Dolphins. That win, … [+1012 chars]",https://www.cbssports.com/nfl/news/jets-accidentally-bring-team-banner-out-upside-down-in-pregame-display/,2025-01-06T00:50:15Z
Meet the billionaire owners of every NFL team,"Jerry Jones has owned the Dallas Cowboys since 1989.Todd Kirkland/Contributor/Getty Images
<ul><li>The NFL is one of the biggest businesses in the world.</li><li>Jerry Jones' Dallas Cowboys are the … [+37570 chars]",https://www.businessinsider.com/nfl-team-owners,2025-01-16T16:24:42Z
"How to Watch Dolphins vs Jets: Live Stream NFL, TV Channel",The Miami Dolphins (8-8) head to MetLife Stadium on Sunday to face the New York Jets (4-12) in a Week 18 regular-season finale with very different stakes for each team. Kickoff is set for 4:25 p.m. E… [+1785 chars],https://www.newsweek.com/sports/nfl/how-watch-dolphins-vs-jets-live-stream-nfl-tv-channel-2009977,2025-01-05T20:59:17Z
"Giants will retain Brian Daboll, Joe Schoen for 2025 season",The person who hired planes to tow banners urging Giants owner John Mara to fire everyone involved in putting together a Giants team that went 3-14 this season is going to be very disappointed on Mon… [+1202 chars],https://www.nbcsports.com/nfl/profootballtalk/rumor-mill/news/giants-will-retain-brian-daboll-joe-schoen-for-2025-season,2025-01-06T13:45:47Z
John Mara: I've just about run out of patience,"Giants co-owner John Mara held a press conference on Monday and offered a blunt assessment of the teams 2024 season. 
Mara said the Giants stunk, which made his decision to stick with the architects… [+1090 chars]",https://www.nbcsports.com/nfl/profootballtalk/rumor-mill/news/john-mara-ive-just-about-run-out-of-patience,2025-01-06T17:22:29Z
"Hill sits in 4th quarter, hints at leaving Miami","EAST RUTHERFORD, N.J. -- Miami Dolphins wide receiver Tyreek Hill hinted at a potential exit from the team following a season-ending loss Sunday to the New York Jets, during which he did not play in … [+4718 chars]",https://www.espn.com/nfl/story/_/id/43303355/hill-hints-potential-exit-miami-dolphins-loss,2025-01-06T03:01:26Z
Telemetry data from 800K VW Group EVs exposed online,"Infosec in Brief Welcome to 2025: hopefully you enjoyed a pleasant holiday season and returned to the security operations center without incident - unlike Volkswagen, which last week admitted it expo… [+7248 chars]",https://www.theregister.com/2025/01/06/volkswagen_ev_data_exposed/,2025-01-06T01:24:09Z
Mike McDaniel suggests Tyreek Hill removed himself from Sunday's game,"It wasnt nearly as dramatic as the last time a high-profile receiver refused to play in a game against the Jets at MetLife Stadium, nearly three years ago to the day. It might lead to the same result… [+1535 chars]",https://www.nbcsports.com/nfl/profootballtalk/rumor-mill/news/mike-mcdaniel-suggests-tyreek-hill-removed-himself-from-sundays-game,2025-01-06T03:45:05Z
Sam Darnold’s playoff debut gets off to disastrous start with two Vikings turnovers,"Maybe the ghosts of MetLife traveled to State Farm Stadium.
Sam Darnolds first half of playoff football quickly turned disastrous, with the Vikings quarterback and Jets castoff turning the ball over… [+1055 chars]",https://nypost.com/2025/01/13/sports/sam-darnolds-vikings-playoff-debut-off-to-disastrous-start/,2025-01-14T02:51:24Z
"Heroes, zeros from Jets’ win over Dolphins: Garrett Wilson captures a career-first","Heroes, zeros from the Jets’ 32-20 win over the Dolphins at MetLife Stadium on Sunday:
Aaron Rodgers threw for a season-high four touchdown passes to surpass 500 (503) for his career in what could h… [+550 chars]",https://nypost.com/2025/01/06/sports/heroes-zeros-from-jets-win-over-dolphins-garrett-wilson-captures-a-career-first/,2025-01-06T05:05:13Z
"Jets vs. Bills: Preview, prediction, what to watch for","An inside look at the Jets-Dolphins Week 18 matchup on Sunday at MetLife Stadium: 
Dolphins QB Tyler Snoop Huntley vs. the Jets defense
The Bills embarrassed the Jets defense last week, hanging 40 … [+4066 chars]",https://nypost.com/2025/01/05/sports/jets-vs-bills-preview-prediction-what-to-watch-for-4/,2025-01-05T12:00:14Z
Eli Manning Makes Super Bowl LIX Prediction — And It Doesn’t Involve The Kansas City Chiefs,"New York Giants legend Eli Manning predicts it'll be the Detroit Lions against the Buffalo Bills in ... [+] Super Bowl LIX. (Photo by Kevin Sabitus/Getty Images)
Getty Images
New York Giants great … [+5314 chars]",https://www.forbes.com/sites/djsiddiqi/2025/01/06/eli-manning-makes-super-bowl-lix-prediction---and-it-doesnt-involve-the-kansas-city-chiefs/,2025-01-07T03:15:37Z
"Giants Rumors: Fan Protests 'Have Not Impacted' Mara's Decisions on Daboll, Schoen","Ed Mulholland/Getty Images
New York Giants owner John Mara's decisions regarding the future of head coach Brian Daboll and general manager Joe Schoen haven't been influenced by protests from fans, a… [+1192 chars]",https://bleacherreport.com/articles/10149561-giants-rumors-fan-protests-have-not-impacted-maras-decisions-on-daboll-schoen,2025-01-04T19:48:28Z
Aaron Rodgers on when Jets’ season took permanent turn for worse,"The Jets will return to MetLife Stadium for the last time this season on Sunday to face the Dolphins.
It feels like three years ago, but it was just a little over three months ago when the Jets woul… [+2449 chars]",https://nypost.com/2025/01/05/sports/aaron-rodgers-on-when-jets-season-took-permanent-turn-for-worse/,2025-01-05T07:28:38Z
Jets close out season with 32-20 win over Dolphins,"Sundays regular season finale looked a lot like the games the Jets were imagining when they traded for quarterback Aaron Rodgers. 
Rodgers threw for 274 yards and four touchdowns to lead the Jets to… [+1985 chars]",https://www.nbcsports.com/nfl/profootballtalk/rumor-mill/news/jets-close-out-season-with-32-20-win-over-dolphins,2025-01-06T00:41:20Z
PNB MetLife partners with Saraswat Co-operative Bank to offer insurance solutions,"PNB MetLife India Insurance Company Ltd (PNB MetLife) has forged a strategic bancassurance partnership with Saraswat Co-operative Bank Ltd, one of the largest urban co-operative banks in India.
This… [+1966 chars]",https://www.thehindubusinessline.com/money-and-banking/pnb-metlife-partners-with-saraswat-co-operative-bank-to-offer-insurance-solutions/article69103904.ece,2025-01-16T08:57:53Z
"Gen Z already suffering ‘midlife crisis,’ research finds: ‘Not doing well’","It’s not exactly working for Gen Z. 
Zoomer employees are struggling in just about every metric, according to a new MetLife study that examines the physical, social, mental and financial wellbeing o… [+2986 chars]",https://nypost.com/2025/01/16/lifestyle/gen-z-already-suffering-midlife-crisis-research-finds-not-doing-well/,2025-01-16T14:40:08Z
Why The “Money Lost” For Sam Darnold These Past Two Weeks Is Overblown,"EAST RUTHERFORD, NEW JERSEY - SEPTEMBER 08: Sam Darnold #14 of the Minnesota Vikings reacts after ... [+] defeating the New York Giants at MetLife Stadium on September 08, 2024 in East Rutherford, Ne… [+5991 chars]",https://www.forbes.com/sites/tylersmall/2025/01/15/why-the-lost-money-for-sam-darnold-is-overblown/,2025-01-15T20:44:39Z
The Jets Inadvertently Cued Up The Perfect Song At The Exact Moment Tyreek Hill Quit On The Dolphins,"Getty Image
It appears there’s a good chance Tyreek Hill has played his last snap in a Dolphins uniform based on what he had to say after prematurely exiting the team’s season finale against the Jet… [+2175 chars]",https://brobible.com/sports/article/tyreek-hill-quit-dolphins-curb-your-enthusiasm-theme/,2025-01-09T16:56:49Z
New York Giants Might Retain Brian Daboll or Joe Schoen: Report,"The New York Giants have been a mess in 2024, so much so, that fans were willing to pay for signs to fly around MetLife Stadium. These signs called for team owner John Mara to ""fix the franchise.""
R… [+4402 chars]",https://www.newsweek.com/sports/nfl/new-york-giants-might-retain-brian-daboll-joe-schoen-report-2009912,2025-01-05T16:43:56Z
"How to Watch Giants vs Eagles: Live Stream NFL, TV Channel","The New York Giants (3-13) and Philadelphia Eagles (13-3) are set to close out their regular seasons on Sunday at Lincoln Financial Field in Philadelphia. Kickoff is scheduled for 1 p.m. ET on CBS, a… [+1794 chars]",https://www.newsweek.com/sports/nfl/how-watch-giants-vs-eagles-live-stream-nfl-tv-channel-2009853,2025-01-05T16:45:01Z
MetLife to Hold Combined Earnings and Outlook Conference Call,"NEW YORK--(BUSINESS WIRE)--MetLife, Inc. (NYSE: MET) today announced that it will hold a combined fourth quarter and full year 2024 earnings and outlook conference call and audio webcast on Thursday,… [+2114 chars]",https://www.investing.com/news/press-releases/metlife-to-hold-combined-earnings-and-outlook-conference-call-93CH-3805560,2025-01-09T21:20:04Z
"Giants HC Brian Daboll, GM Joe Schoen are staying put after 3-14 season","The New York Giants are sticking with head coach Brian Daboll and general manager Joe Schoen.
Team president and co-owner John Mara announced Monday that he and co-owner Steve Tisch decided to move … [+3966 chars]",https://www.foxsports.com/stories/nfl/giants-hc-brian-daboll-gm-joe-schoen-staying-put-after-3-14-season,2025-01-06T18:23:35Z
MetLife (NYSE:MET) Stock Rating Lowered by StockNews.com,"MetLife (NYSE:MET – Get Free Report) was downgraded by research analysts at StockNews.com from a “buy” rating to a “hold” rating in a research report issued to clients and investors on Thursday.
Sev… [+4125 chars]",https://www.etfdailynews.com/2025/01/11/metlife-nysemet-stock-rating-lowered-by-stocknews-com/,2025-01-11T08:32:56Z
MetLife Earnings Preview: What to Expect,Market Pulse-- Options Market Overview- Unusual Options Activity- IV Rank and IV Percentile- Implied vs Realized Vol- Most Active Options- Highest Open Positions- Unusual Options Volume- Highest Impl… [+135 chars],https://biztoc.com/x/1384576992eed625,2025-01-08T13:05:38Z
Can Pochettino really transform the USMNT's mentality -- and how will he do it?,"Jan 13, 2025, 08:00 AM ET
MIAMI -- Mauricio Pochettino has led some of the most distinguished clubs in Europe, but when he accepted the role of U.S. men's national team manager, he made the choice t… [+7164 chars]",https://www.espn.com/soccer/story/_/id/43371423/mentality-heart-mauricio-pochettino-usmnt-us-mens-national-team-revolution,2025-01-13T12:04:52Z
Rex Ryan Attempting NFL Return by Interviewing for Jets HC Vacancy: Report,The New York Jets are looking for a new head coach and general manager. Some of the interviews so far have been with former Washington Commanders head coach Ron Rivera and former player and TV person… [+3111 chars],https://www.newsweek.com/sports/nfl/rex-ryan-attempting-nfl-return-returning-jets-head-coach-report-2009687,2025-01-04T14:44:19Z
Jets Have Passed on Rex Ryan as Head Coach: Report,"The New York Jets are looking for their next head coach after the team unceremoniously fired Robert Saleh after Week 5 of the 2024 season. With Jeff Ulbrich taking over, the team would go 5-12.
Read… [+3036 chars]",https://www.newsweek.com/sports/nfl/jets-have-passed-rex-ryan-head-coach-report-2013723,2025-01-12T21:52:07Z
Saints' Alvin Kamara Reveals Vote for Franchise's Next Head Coach,"Many NFL teams are already hiring their next head coaches. The New England Patriots hired Mike Vrabel, and the Chicago Bears landed former Detroit Lions offensive coordinator Ben Johnson.
More news:… [+3349 chars]",https://www.newsweek.com/sports/nfl/saints-alvin-kamara-reveals-vote-franchises-next-head-coach-2018529,2025-01-21T19:08:01Z
New York Giants Make Decision on Future of Brian Daboll and Joe Schoen,"The New York Giants ended the season with a 3-14 record, and everyone believed they would lead to the firing of either head coach Brian Daboll and general manager Joe Schoen. However, that will not b… [+2980 chars]",https://www.newsweek.com/sports/nfl/new-york-giants-make-decision-future-brian-daboll-joe-schoen-2010270,2025-01-06T13:38:28Z
Jets Head Coach Search: Full List of Candidates,"The New York Jets' search for a new head coach seemingly grows longer by the minute.
There are 12 candidates and counting that have been reported to have already interviewed or have interviews on th… [+3160 chars]",https://www.newsweek.com/sports/nfl/jets-head-coach-search-full-list-candidates-2010488,2025-01-06T18:10:32Z
Colts GM Will Not Guarantee Anthony Richardson as Starting Quarterback in 2025,"The Indianapolis Colts were meant to make it to the playoffs and had a route to do so towards the end of the season. However, their postseason plans were crushed when the lowly New York Giants routed… [+3028 chars]",https://www.newsweek.com/sports/nfl/colts-gm-will-not-guarantee-anthony-richardson-starting-quarterback-2025-2013156,2025-01-10T15:39:15Z
"WWE Champion Threatens Dwayne Johnson of ""Stealing Time"" Following Big Win","Dwayne ""The Rock"" Johnson has returned to WWE in a very big way, but it seems that some younger wrestlers are not too happy with how the Hall of Famer is eating up screen time.
More News:WWE Founder… [+2620 chars]",https://www.newsweek.com/sports/wrestling/wwe-champion-threatens-dwayne-johnson-stealing-time-following-big-win-2013498,2025-01-11T16:00:01Z
49ers Signal Reunion by Interviewing Robert Saleh for Vacant DC Position,"The San Francisco 49ers are among many teams that are searching for a new coach. Though the team is not looking for a head coach, they need a new defensive coordinator, as they fired Nick Sorensen fr… [+2927 chars]",https://www.newsweek.com/sports/nfl/49ers-signal-reunion-interviewing-robert-saleh-dc-position-2012718,2025-01-09T20:54:51Z
Broncos' Patrick Surtain Calls Out Officiating Following Patrick Mahomes Call,"Denver Broncos cornerback Patrick Surtain is pretty fed up with the officiating in tonight's Divisional Round game between the Kansas City Chiefs and the Houston Texans.
Cmon man what we supposed to… [+3185 chars]",https://www.newsweek.com/sports/nfl/broncos-patrick-surtain-calls-out-officiating-following-patrick-mahomes-call-2017308,2025-01-19T00:06:34Z
"MetLife, Inc. (NYSE:MET) Stock Position Raised by Wedmont Private Capital","Wedmont Private Capital boosted its position in shares of MetLife, Inc. (NYSE:MET – Free Report) by 7.0% during the 4th quarter, HoldingsChannel reports. The firm owned 9,967 shares of the financial … [+5076 chars]",https://www.etfdailynews.com/2025/01/15/metlife-inc-nysemet-stock-position-raised-by-wedmont-private-capital/,2025-01-15T09:11:01Z
"Brookstone Capital Management Has $533,000 Holdings in MetLife, Inc. (NYSE:MET)","Brookstone Capital Management boosted its position in MetLife, Inc. (NYSE:MET – Free Report) by 15.8% in the fourth quarter, HoldingsChannel.com reports. The institutional investor owned 6,504 shares… [+4824 chars]",https://www.etfdailynews.com/2025/01/18/brookstone-capital-management-has-533000-holdings-in-metlife-inc-nysemet/,2025-01-18T09:50:54Z
MetLife Executive Vice President and Chief Accounting Officer Announces Resignation,"MetLife, Inc. (NYSE:MET) received a recent 8-K filing with the Securities and Exchange Commission on January 7, 2025. According to the filing, Tamara L. Schock, the Executive Vice President and Chief… [+1827 chars]",https://www.etfdailynews.com/2025/01/13/metlife-executive-vice-president-and-chief-accounting-officer-announces-resignation/,2025-01-13T11:00:48Z
"Pensionfund Sabic Buys 5,000 Shares of MetLife, Inc. (NYSE:MET)","Pensionfund Sabic increased its stake in shares of MetLife, Inc. (NYSE:MET – Free Report) by 32.3% during the 4th quarter, Holdings Channel reports. The fund owned 20,500 shares of the financial serv… [+4989 chars]",https://www.etfdailynews.com/2025/01/06/pensionfund-sabic-buys-5000-shares-of-metlife-inc-nysemet/,2025-01-06T15:35:16Z
"Aaron Wealth Advisors LLC Purchases 234 Shares of MetLife, Inc. (NYSE:MET)","Aaron Wealth Advisors LLC increased its position in MetLife, Inc. (NYSE:MET – Free Report) by 9.5% in the 4th quarter, HoldingsChannel.com reports. The institutional investor owned 2,704 shares of th… [+5045 chars]",https://www.etfdailynews.com/2025/01/22/aaron-wealth-advisors-llc-purchases-234-shares-of-metlife-inc-nysemet/,2025-01-22T09:00:56Z
MetLife Investment Management LLC Has $903.73 Million Stake in NVIDIA Co. (NASDAQ:NVDA),"MetLife Investment Management LLC trimmed its holdings in shares of NVIDIA Co. (NASDAQ:NVDA – Free Report) by 2.7% during the third quarter, HoldingsChannel reports. The firm owned 7,441,747 shares o… [+6312 chars]",https://www.etfdailynews.com/2025/01/13/metlife-investment-management-llc-has-903-73-million-stake-in-nvidia-co-nasdaqnvda/,2025-01-13T08:54:59Z
Quadient strengthens its financial position through a USD100 million US Private Placement from MetLife,"Quadient strengthens its financial position through a USD100 million US Private Placement from MetLife 
Paris, January 22, 2025
Quadient S.A. (Euronext Paris: QDT), a global automation platform pow… [+2625 chars]",https://www.globenewswire.com/news-release/2025/01/22/3013188/0/en/Quadient-strengthens-its-financial-position-through-a-USD100-million-US-Private-Placement-from-MetLife.html,2025-01-22T07:00:00Z
Did John Mara Just Give Brian Daboll & Joe Schoen A Farewell Tour?,"EAST RUTHERFORD, NEW JERSEY - AUGUST 18: John K. Mara, owner and CEO of the New York Giants looks on ... [+] before pre-season football game against the Carolina Panthers at MetLife Stadium on August… [+7484 chars]",https://www.forbes.com/sites/tylersmall/2025/01/07/did-john-mara-just-give-brian-daboll--joe-schoen-a-farewell-tour/,2025-01-07T14:23:27Z
"Joe Schoen, Brian Daboll’s Giants futures will be defined by one simple issue","John Mara could have hired a plane waving a banner over MetLife Stadium on Monday that gloated FIRED NO ONE, but he lives and dies with seasons like these even more than Giants fans do. 
I feel your… [+338 chars]",https://nypost.com/2025/01/06/sports/joe-schoen-brian-dabolls-giants-futures-will-be-defined-by-one-issue/,2025-01-06T23:53:03Z
"Where to watch Jets vs. Dolphins game: TV channel, NFL kickoff time, live stream, spread, odds",What started out with such optimism and hope that the fortunes of the franchise would finally turn is now coming to an end that laments a fate unchanged and promise unfulfilled: Former NFL MVP Aaron … [+2354 chars],https://www.cbssports.com/nfl/news/where-to-watch-jets-vs-dolphins-game-tv-channel-nfl-kickoff-time-live-stream-spread-odds/,2025-01-04T18:45:57Z
"Ritholtz Wealth Management Buys 3,557 Shares of MetLife, Inc. (NYSE:MET)","Ritholtz Wealth Management grew its stake in shares of MetLife, Inc. (NYSE:MET – Free Report) by 137.1% in the 4th quarter, according to its most recent disclosure with the SEC. The institutional inv… [+4848 chars]",https://www.etfdailynews.com/2025/01/21/ritholtz-wealth-management-buys-3557-shares-of-metlife-inc-nysemet/,2025-01-21T10:30:48Z
"MetLife, Inc. (NYSE:MET) Shares Acquired by Merit Financial Group LLC","Merit Financial Group LLC increased its position in MetLife, Inc. (NYSE:MET – Free Report) by 589.6% during the fourth quarter, according to the company in its most recent 13F filing with the Securit… [+4888 chars]",https://www.etfdailynews.com/2025/01/21/metlife-inc-nysemet-shares-acquired-by-merit-financial-group-llc/,2025-01-21T09:07:17Z
"Czech National Bank Has $10.33 Million Position in MetLife, Inc. (NYSE:MET)","Czech National Bank lifted its holdings in shares of MetLife, Inc. (NYSE:MET – Free Report) by 5.2% during the 4th quarter, according to the company in its most recent 13F filing with the Securities … [+4923 chars]",https://www.etfdailynews.com/2025/01/14/czech-national-bank-has-10-33-million-position-in-metlife-inc-nysemet/,2025-01-14T08:52:52Z
"Fortitude Family Office LLC Purchases 209 Shares of MetLife, Inc. (NYSE:MET)","Fortitude Family Office LLC raised its position in MetLife, Inc. (NYSE:MET – Free Report) by 50.2% during the 4th quarter, according to the company in its most recent Form 13F filing with the Securit… [+5033 chars]",https://www.etfdailynews.com/2025/01/11/fortitude-family-office-llc-purchases-209-shares-of-metlife-inc-nysemet/,2025-01-11T09:21:01Z
"MetLife, Inc. (NYSE:MET) Stock Position Reduced by Wealthcare Advisory Partners LLC","Wealthcare Advisory Partners LLC lowered its position in MetLife, Inc. (NYSE:MET – Free Report) by 33.6% during the fourth quarter, according to its most recent Form 13F filing with the SEC. The fund… [+5031 chars]",https://www.etfdailynews.com/2025/01/21/metlife-inc-nysemet-stock-position-reduced-by-wealthcare-advisory-partners-llc/,2025-01-21T08:33:02Z
"Wealth Enhancement Advisory Services LLC Buys 767 Shares of MetLife, Inc. (NYSE:MET)","Wealth Enhancement Advisory Services LLC lifted its position in MetLife, Inc. (NYSE:MET – Free Report) by 0.3% in the 4th quarter, according to the company in its most recent 13F filing with the Secu… [+4935 chars]",https://www.etfdailynews.com/2025/01/12/wealth-enhancement-advisory-services-llc-buys-767-shares-of-metlife-inc-nysemet/,2025-01-12T08:39:09Z
"Capital Investment Advisors LLC Sells 506 Shares of MetLife, Inc. (NYSE:MET)","Capital Investment Advisors LLC trimmed its holdings in shares of MetLife, Inc. (NYSE:MET – Free Report) by 15.4% during the fourth quarter, according to its most recent 13F filing with the Securitie… [+4836 chars]",https://www.etfdailynews.com/2025/01/17/capital-investment-advisors-llc-sells-506-shares-of-metlife-inc-nysemet/,2025-01-17T08:43:03Z
"MetLife, Inc. (NYSE:MET) Receives $88.62 Consensus Price Target from Analysts","MetLife, Inc. (NYSE:MET – Get Free Report) has earned an average recommendation of “Buy” from the thirteen ratings firms that are covering the firm, Marketbeat Ratings reports. Thirteen analysts have… [+4272 chars]",https://www.etfdailynews.com/2025/01/06/metlife-inc-nysemet-receives-88-62-consensus-price-target-from-analysts-2/,2025-01-06T07:33:00Z
"SeaCrest Wealth Management LLC Grows Stock Position in MetLife, Inc. (NYSE:MET)","SeaCrest Wealth Management LLC lifted its stake in MetLife, Inc. (NYSE:MET – Free Report) by 5.7% during the fourth quarter, according to its most recent disclosure with the Securities &amp; Exchange… [+4708 chars]",https://www.etfdailynews.com/2025/01/18/seacrest-wealth-management-llc-grows-stock-position-in-metlife-inc-nysemet/,2025-01-18T08:31:06Z
Barclays Issues Positive Forecast for MetLife (NYSE:MET) Stock Price,"MetLife (NYSE:MET – Get Free Report) had its price target increased by analysts at Barclays from $90.00 to $96.00 in a research note issued on Monday,Benzinga reports. The brokerage presently has an … [+4055 chars]",https://www.etfdailynews.com/2025/01/08/barclays-issues-positive-forecast-for-metlife-nysemet-stock-price/,2025-01-08T08:20:56Z
"Miracle Mile Advisors LLC Buys Shares of 6,610 MetLife, Inc. (NYSE:MET)","Miracle Mile Advisors LLC bought a new stake in shares of MetLife, Inc. (NYSE:MET – Free Report) in the fourth quarter, according to its most recent Form 13F filing with the SEC. The fund bought 6,61… [+4517 chars]",https://www.etfdailynews.com/2025/01/16/miracle-mile-advisors-llc-buys-shares-of-6610-metlife-inc-nysemet/,2025-01-16T09:07:12Z
Time will tell if this is the end for Aaron Rodgers with only so much he can control,"Most of us dont get to write our own ending.
Whether or not this is the end for Aaron Rodgers as a Jet and, more significantly, as an NFL quarterback, only the Enigma himself knows.
This much we ca… [+279 chars]",https://nypost.com/2025/01/06/sports/time-will-tell-if-this-is-the-end-for-aaron-rodgers-with-only-so-much-he-can-control/,2025-01-06T12:30:00Z
The Unifying Power Of Rebranding: HCLTech’s Strategic Transformation,"HCLTech was recognized as Forrester’s 2024 Program of the Year Winner for Marketing Executives, thanks to the impressive results from their comprehensive rebrand and digital transformation. Rebrands … [+3204 chars]",https://www.forrester.com/blogs/the-unifying-power-of-rebranding-hcltechs-strategic-transformation/,2025-01-16T22:11:17Z
Notre Dame committed to staying independent,"As Notre Dame prepares to compete for the national title in the inaugural 12-team College Football Playoff, the university remains bullish in its belief that its independent status is the right choic… [+4308 chars]",https://www.espn.com/college-football/story/_/id/43363380/with-cfp-success-notre-dame-committed-staying-independent-ad-says,2025-01-11T01:05:53Z
Stay or Go: Should Jets bring Davante Adams back?,"The Jets finally pulled the trigger on a long-rumored trade for wide receiver Davante Adams in the middle of the 2024 season, hoping that the reunion of quarterback Aaron Rodgers and his favorite tar… [+3632 chars]",https://sny.tv/articles/stay-go-jets-davante-adams,2025-01-21T14:30:36Z
Aaron Rodgers' Emotional Reaction After Possible Final NFL Game Caught on Video,"Luke Hales/Getty Images
Aaron Rodgers was visibly emotional after what could have been his final game as an NFL quarterback.
Rodgers could be seen embracing coaches and teammates, including tight e… [+1467 chars]",https://bleacherreport.com/articles/10150407-aaron-rodgers-emotional-reaction-after-possible-final-nfl-game-caught-on-video,2025-01-10T20:07:46Z
"MetLife Investment Management LLC Decreases Stock Position in Amazon.com, Inc. (NASDAQ:AMZN)","MetLife Investment Management LLC cut its stake in shares of Amazon.com, Inc. (NASDAQ:AMZN) by 0.9% during the 3rd quarter, according to its most recent 13F filing with the Securities and Exchange Co… [+5932 chars]",https://www.etfdailynews.com/2025/01/08/metlife-investment-management-llc-decreases-stock-position-in-amazon-com-inc-nasdaqamzn/,2025-01-08T08:38:44Z
MetLife IM set to acquire investment teams managing $6 billion from Mesirow,"MetLife Investment Management (MIM) has reached a definitive agreement to acquire three investment teams and assets managed by Mesirow, an independent financial services firm.As part of the move, MIM… [+149 chars]",https://biztoc.com/x/223ce7c836e83063,2025-01-10T13:03:43Z
Giants coordinator Mike Kafka emerges as top Saints coaching candidate with second interview coming,"One of these mornings, Mike Kafka might wake up and find himself an NFL head coach.
The Giants 37-year-old offensive coordinator first spoke with Saints brass last week and is now being flown down t… [+3481 chars]",https://nypost.com/2025/01/20/sports/mike-kafka-emerges-as-top-saints-coaching-candidate-with-second-interview/,2025-01-20T15:43:40Z
"Dolphins vs. Jets prediction, odds, spread, start time: 2024 NFL picks, Week 18 predictions from proven model","Despite a 2-6 start, the Miami Dolphins enter the final week of the regular season with a fighting chance to make the playoffs and it all begins with a win on the road over the New York Jets on Sunda… [+3832 chars]",https://www.cbssports.com/nfl/news/dolphins-vs-jets-prediction-odds-spread-start-time-2024-nfl-picks-week-18-predictions-from-proven-model/,2025-01-05T16:02:27Z
What channel is the jets on?,"What Channel is the Jets on?
The New York Jets are a professional American football team based in East Rutherford, New Jersey. They are a member of the AFC East division in the National Football Lea… [+4283 chars]",https://lifesciencesworld.com/what-channel-is-the-jets-on/,2025-01-23T03:11:43Z
"Jets vs. Dolphins prediction, odds, spread, start time: 2024 NFL picks, Week 18 predictions from proven model","Despite a 2-6 start, the Miami Dolphins enter the final week of the regular season with a fighting chance to make the playoffs and it all begins with a win on the road over the New York Jets on Sunda… [+3855 chars]",https://www.cbssports.com/nfl/news/jets-vs-dolphins-prediction-odds-spread-start-time-2024-nfl-picks-week-18-predictions-from-proven-model/,2025-01-04T15:40:50Z
Who and what disgruntled New York football fans can sink their teeth into on Wild Card Weekend,"Fans of the two metro-area NFL teams by now should be used to watching the playoffs without their favorites involved or any personal rooting interest.
The Jets have missed out on the postseason for … [+754 chars]",https://nypost.com/2025/01/09/sports/wholl-have-ny-football-fans-attention-on-wild-card-weekend/,2025-01-09T12:40:00Z
Less than half of pet owners have the money to deal with a medical emergency: survey,"A majority (77%) of pet owners are interested in a health reset in 2025 and nearly as many (69%) are considering one for their pet, too.  
A survey of 2,000 dog and cat owners compared pet prioritie… [+5299 chars]",https://nypost.com/2025/01/16/lifestyle/less-than-half-of-pet-owners-have-the-money-to-deal-with-a-medical-emergency-survey/,2025-01-16T19:55:17Z
Aaron Rodgers tosses four touchdowns in potential career swan song as Jets win to end tumultuous season,"Aaron Rodgers and the Jets won their final game of the season, but it most definitely was not what they had in mind when they opened the year with ambitious Super Bowl aspirations.
In what may have … [+4191 chars]",https://nypost.com/2025/01/05/sports/jets-aaron-rodgers-tosses-four-td-in-potential-career-swan-song-in-win/,2025-01-06T01:03:02Z
Bank of Dave 2: The Loan Ranger – How Much is a True Story?,"Theres no record of Dave Fishwick being framed for money laundering or serving an extradition order to anybody, but his campaign against companies like the since-dissolved Wonga certainly raised publ… [+1907 chars]",https://www.denofgeek.com/movies/bank-of-dave-2-the-loan-ranger-how-much-is-a-true-story/,2025-01-11T08:00:00Z
Puppies 'Thrown Away In The Trash' At Christmas Still Waiting For Home,"A pair of puppies found dumped in the trash are still waiting to find forever homes of their own.Christmas is increasingly a time for giving when it comes to our pets. A survey of 2,000 pet owners co… [+143 chars]",https://biztoc.com/x/1b4045fed55dabc0,2025-01-17T23:50:53Z
FOX Unintentionally Provides NFL Viewers Cinematic Masterpiece Starring Puzzled Aaron Rodgers,"Getty Image / iStockPhoto
The New York Jets wrapped up a forgettable 2024 season on Sunday against the Miami Dolphins. A number of blunders were seen in that contest, providing a fitting end to the … [+2350 chars]",https://brobible.com/sports/article/new-york-jets-mishaps-aaron-rodgers-curb-your-enthusiasm/,2025-01-06T01:27:11Z
Giants catch break as plane banner taunting them over Saquon Barkley gets canceled,"The weather conditions will give the Giants a reprieve from another plane banner on Sunday.
A banner that was going to taunt the Giants for letting Saquon Barkley walk to the Eagles ahead of the tea… [+1661 chars]",https://nypost.com/2025/01/05/sports/plane-banner-taunting-giants-over-saquon-barkley-gets-canceled/,2025-01-05T17:55:18Z
Puppies 'Thrown Away In The Trash' At Christmas Still Waiting For Home,"A pair of puppies found dumped in the trash are still waiting to find forever homes of their own.
Christmas is increasingly a time for giving when it comes to our pets. A survey of 2,000 pet owners … [+2919 chars]",https://www.newsweek.com/puppies-thrown-away-trash-christmas-still-waiting-home-2017122,2025-01-17T23:45:19Z
Buccaneers’ Jordan Whitehead to miss season finale after getting into car accident,"Buccaneers safety Jordan Whitehead will miss the team’s Week 18 game on Sunday after getting into a car accident on Saturday. 
Tampa Bay said it was placing the defensive back on the reserve/non-foo… [+1663 chars]",https://nypost.com/2025/01/04/sports/buccaneers-jordan-whitehead-gets-into-car-accident/,2025-01-04T20:26:51Z
A More Collaborative World (Blog),"This article was originally published by SSIR en Español in June 2024 and was SSIR en Españols most-read original article in 2024.
Until a few decades ago, Latin American children grew up in a very … [+13062 chars]",https://ssir.org/articles/entry/ashoka-co-leader-community,2025-01-22T13:00:00Z
Jets Week 18 report card: Where has this Aaron Rodgers been?,"Grading the Jets 32-20 win over the Dolphins at MetLife Stadium on Sunday: 
In what may have been the final game of his career, QB Aaron Rodgers threw four touchdown passes and hit a milestone. 
Ro… [+1727 chars]",https://nypost.com/2025/01/05/sports/jets-week-18-report-card-where-has-this-aaron-rodgers-been/,2025-01-06T01:50:29Z
Jets’ Aaron Rodgers throws 500th career touchdown pass to join elite company,"Aaron Rodgers made some history before his season — and possibly his Jets career — become history.
After a zero-TD, two-interception performance in last week’s ugly loss to the Bills, the 41-year-ol… [+1770 chars]",https://nypost.com/2025/01/05/sports/aaron-rodgers-joins-elite-company-with-500th-career-touchdown-pass/,2025-01-05T23:20:11Z
"Barclays PLC Buys 32,269 Shares of AlTi Global, Inc. (NASDAQ:ALTI)","Barclays PLC raised its stake in shares of AlTi Global, Inc. (NASDAQ:ALTI – Free Report) by 264.8% in the 3rd quarter, according to its most recent 13F filing with the Securities and Exchange Commiss… [+2648 chars]",https://www.etfdailynews.com/2025/01/08/barclays-plc-buys-32269-shares-of-alti-global-inc-nasdaqalti/,2025-01-08T08:14:50Z
L.B. Foster (NASDAQ:FSTR) Stock Passes Above 200-Day Moving Average – Should You Sell?,L.B. Foster (NASDAQ:FSTR – Get Free Report)’s share price passed above its two hundred day moving average during trading on Tuesday . The stock has a two hundred day moving average of $22.47 and trad… [+2569 chars],https://www.etfdailynews.com/2025/01/15/l-b-foster-nasdaqfstr-stock-passes-above-200-day-moving-average-should-you-sell/,2025-01-15T08:22:54Z
"NFL coaching tracker, wild-card news: Jaguars fire Doug Pederson, but Giants will retain Brian Daboll","The 2024 NFL regular season is nearly in the books, and soon all eyes will be on the 14 teams heading to the playoffs, beginning with this upcoming weekend's wild-card round. Before then, the teams o… [+7642 chars]",https://sports.yahoo.com/live/nfl-coaching-tracker-wild-card-news-jaguars-fire-doug-pederson-but-giants-will-retain-brian-daboll-222513711.html,2025-01-05T22:25:13Z
"Analyzing the Jets' 2024 season, plus biggest offseason storylines","Woody Johnson was right when he gave a one-word synopsis of the Jets season after their victory over the Miami Dolphins in the finale.
Most thought this year was about to be ""unbelievable.""
Aaron R… [+8527 chars]",https://sny.tv/articles/analyzing-2024-jets-season-biggest-offseason-storylines,2025-01-08T15:00:41Z
You can watch the Super Bowl for free at MetLife Stadium next month,"Throughout the next several weeks, some of the top football teams in the nation will battle it out on the field to earn a coveted spot in Super Bowl LIX, which is set to take over New Orleans' Caesar… [+1565 chars]",https://www.timeout.com/newyork/news/you-can-watch-the-super-bowl-for-free-at-metlife-stadium-next-month-010725,2025-01-07T16:46:55Z
How much are 2025 Super Bowl tickets in New Orleans? See Kendrick Lamar,Vivid Seats is the New York Post's official ticketing partner. We may receive revenue from this partnership for sharing this content and/or when you make a purchase. Featured pricing is subject to ch… [+5569 chars],https://nypost.com/2025/01/16/ticket-sales/2025-super-bowl-ticket-prices-for-new-orleans-see-kendrick-lamar/,2025-01-16T17:12:59Z
JPMorgan outlook for life insurers; upgrades Principal Financial Group,"Investing.com -- JPMorgan maintains a cautious long-term view on the life insurance sector but expects stocks to outperform in the near term. A strong equity market, higher interest rates, and health… [+1099 chars]",https://www.investing.com/news/stock-market-news/jpmorgan-outlook-for-life-insurers-upgrades-principal-financial-group-3800790,2025-01-07T14:56:12Z
Redwire (NYSE:RDW) Reaches New 12-Month High – Should You Buy?,"Redwire Co. (NYSE:RDW – Get Free Report)’s stock price hit a new 52-week high on Saturday . The company traded as high as $18.49 and last traded at $18.09, with a volume of 1215083 shares changing ha… [+3721 chars]",https://www.etfdailynews.com/2025/01/04/redwire-nyserdw-reaches-new-12-month-high-should-you-buy/,2025-01-04T11:14:45Z
"Geode Capital Management LLC Has $4.04 Million Stock Holdings in AlTi Global, Inc. (NASDAQ:ALTI)","Geode Capital Management LLC boosted its position in AlTi Global, Inc. (NASDAQ:ALTI – Free Report) by 41.9% in the third quarter, HoldingsChannel.com reports. The institutional investor owned 1,080,1… [+2946 chars]",https://www.etfdailynews.com/2025/01/06/geode-capital-management-llc-has-4-04-million-stock-holdings-in-alti-global-inc-nasdaqalti/,2025-01-06T08:21:03Z
"Adverum Biotechnologies, Inc. (NASDAQ:ADVM) Receives $27.83 Consensus PT from Analysts","Adverum Biotechnologies, Inc. (NASDAQ:ADVM – Get Free Report) has received an average recommendation of “Moderate Buy” from the six ratings firms that are currently covering the firm, MarketBeat Rati… [+3651 chars]",https://www.etfdailynews.com/2025/01/08/adverum-biotechnologies-inc-nasdaqadvm-receives-27-83-consensus-pt-from-analysts/,2025-01-08T06:16:55Z
Provident Bancorp Inc (NASDAQ:PVBC) Shares Acquired by Geode Capital Management LLC,"Geode Capital Management LLC boosted its position in Provident Bancorp Inc (NASDAQ:PVBC – Free Report) by 1.7% during the third quarter, Holdings Channel.com reports. The fund owned 371,738 shares of… [+3106 chars]",https://www.etfdailynews.com/2025/01/06/provident-bancorp-inc-nasdaqpvbc-shares-acquired-by-geode-capital-management-llc/,2025-01-06T08:52:53Z
"Twin Disc, Incorporated (NASDAQ:TWIN) Shares Purchased by Geode Capital Management LLC","Geode Capital Management LLC lifted its position in Twin Disc, Incorporated (NASDAQ:TWIN – Free Report) by 1.3% in the 3rd quarter, Holdings Channel.com reports. The fund owned 250,924 shares of the … [+3722 chars]",https://www.etfdailynews.com/2025/01/07/twin-disc-incorporated-nasdaqtwin-shares-purchased-by-geode-capital-management-llc/,2025-01-07T08:22:57Z
"Barclays PLC Purchases 1,701 Shares of Bel Fuse Inc. (NASDAQ:BELFA)","Barclays PLC grew its position in shares of Bel Fuse Inc. (NASDAQ:BELFA – Free Report) by 278.9% in the 3rd quarter, HoldingsChannel reports. The fund owned 2,311 shares of the scientific and technic… [+3318 chars]",https://www.etfdailynews.com/2025/01/07/barclays-plc-purchases-1701-shares-of-bel-fuse-inc-nasdaqbelfa/,2025-01-07T08:14:51Z
Gambling.com Group Limited (NASDAQ:GAMB) Given Average Rating of “Buy” by Analysts,"Gambling.com Group Limited (NASDAQ:GAMB – Get Free Report) has earned an average rating of “Buy” from the seven research firms that are presently covering the firm, Marketbeat.com reports. Seven anal… [+3713 chars]",https://www.etfdailynews.com/2025/01/07/gambling-com-group-limited-nasdaqgamb-given-average-rating-of-buy-by-analysts/,2025-01-07T09:44:54Z
Brokerages Set Birkenstock Holding plc (NYSE:BIRK) PT at $68.31,"Shares of Birkenstock Holding plc (NYSE:BIRK – Get Free Report) have received an average rating of “Moderate Buy” from the seventeen research firms that are presently covering the company, Marketbeat… [+3544 chars]",https://www.etfdailynews.com/2025/01/07/brokerages-set-birkenstock-holding-plc-nysebirk-pt-at-68-31/,2025-01-07T06:30:57Z
